species,pt_lo,pt_hi,pt_center,counts,value,error
Kplus,0.0000,0.1000,0.0500,8.107700e+04,2.178974e+00,7.652497e-03
Kplus,0.1000,0.2000,0.1500,2.187250e+05,5.878314e+00,1.256908e-02
Kplus,0.2000,0.3000,0.2500,2.965210e+05,7.969109e+00,1.463464e-02
Kplus,0.3000,0.4000,0.3500,3.112080e+05,8.363828e+00,1.499270e-02
Kplus,0.4000,0.5000,0.4500,2.798510e+05,7.521097e+00,1.421732e-02
Kplus,0.5000,0.6000,0.5500,2.267290e+05,6.093424e+00,1.279699e-02
Kplus,0.6000,0.7000,0.6500,1.732150e+05,4.655216e+00,1.118529e-02
Kplus,0.7000,0.8000,0.7500,1.264830e+05,3.399277e+00,9.558075e-03
Kplus,0.8000,0.9000,0.8500,8.902700e+04,2.392633e+00,8.018908e-03
Kplus,0.9000,1.0000,0.9500,6.200800e+04,1.666487e+00,6.692343e-03
Kplus,1.0000,1.1000,1.0500,4.258300e+04,1.144434e+00,5.545905e-03
Kplus,1.1000,1.2000,1.1500,2.959000e+04,7.952420e-01,4.623031e-03
Kplus,1.2000,1.3000,1.2500,2.033700e+04,5.465643e-01,3.832638e-03
Kplus,1.3000,1.4000,1.3500,1.384800e+04,3.721700e-01,3.162626e-03
Kplus,1.4000,1.5000,1.4500,9.474000e+03,2.546172e-01,2.615899e-03
Kplus,1.5000,1.6000,1.5500,6.700000e+03,1.800649e-01,2.199843e-03
Kplus,1.6000,1.7000,1.6500,4.497000e+03,1.208585e-01,1.802253e-03
Kplus,1.7000,1.8000,1.7500,3.203000e+03,8.608179e-02,1.521013e-03
Kplus,1.8000,1.9000,1.8500,2.118000e+03,5.692202e-02,1.236851e-03
Kplus,1.9000,2.0000,1.9500,1.623000e+03,4.361871e-02,1.082714e-03
Kplus,2.0000,2.1000,2.0500,1.076000e+03,2.891789e-02,8.815774e-04
Kplus,2.1000,2.2000,2.1500,7.660000e+02,2.058653e-02,7.438215e-04
Kplus,2.2000,2.3000,2.2500,5.640000e+02,1.515770e-02,6.382545e-04
Kplus,2.3000,2.4000,2.3500,4.190000e+02,1.126078e-02,5.501250e-04
Kplus,2.4000,2.5000,2.4500,3.110000e+02,8.358238e-03,4.739522e-04
Kminus,0.0000,0.1000,0.0500,5.530700e+04,1.486396e+00,6.320397e-03
Kminus,0.1000,0.2000,0.1500,1.521620e+05,4.089409e+00,1.048353e-02
Kminus,0.2000,0.3000,0.2500,2.092330e+05,5.623213e+00,1.229333e-02
Kminus,0.3000,0.4000,0.3500,2.190900e+05,5.888123e+00,1.257956e-02
Kminus,0.4000,0.5000,0.4500,1.938640e+05,5.210165e+00,1.183322e-02
Kminus,0.5000,0.6000,0.5500,1.528040e+05,4.106663e+00,1.050562e-02
Kminus,0.6000,0.7000,0.6500,1.129120e+05,3.034551e+00,9.030762e-03
Kminus,0.7000,0.8000,0.7500,8.076200e+04,2.170508e+00,7.637617e-03
Kminus,0.8000,0.9000,0.8500,5.521400e+04,1.483896e+00,6.315081e-03
Kminus,0.9000,1.0000,0.9500,3.780100e+04,1.015916e+00,5.225237e-03
Kminus,1.0000,1.1000,1.0500,2.572600e+04,6.913956e-01,4.310627e-03
Kminus,1.1000,1.2000,1.1500,1.708300e+04,4.591118e-01,3.512662e-03
Kminus,1.2000,1.3000,1.2500,1.164900e+04,3.130711e-01,2.900672e-03
Kminus,1.3000,1.4000,1.3500,7.799000e+03,2.096010e-01,2.373416e-03
Kminus,1.4000,1.5000,1.4500,5.092000e+03,1.368493e-01,1.917779e-03
Kminus,1.5000,1.6000,1.5500,3.323000e+03,8.930683e-02,1.549243e-03
Kminus,1.6000,1.7000,1.6500,2.199000e+03,5.909892e-02,1.260280e-03
Kminus,1.7000,1.8000,1.7500,1.477000e+03,3.969491e-02,1.032867e-03
Kminus,1.8000,1.9000,1.8500,9.690000e+02,2.604223e-02,8.365968e-04
Kminus,1.9000,2.0000,1.9500,6.200000e+02,1.666272e-02,6.691911e-04
Kminus,2.0000,2.1000,2.0500,4.490000e+02,1.206704e-02,5.694787e-04
Kminus,2.1000,2.2000,2.1500,2.990000e+02,8.035733e-03,4.647185e-04
Kminus,2.2000,2.3000,2.2500,1.820000e+02,4.891316e-03,3.625685e-04
Kminus,2.3000,2.4000,2.3500,1.390000e+02,3.735675e-03,3.168559e-04
Kminus,2.4000,2.5000,2.4500,1.050000e+02,2.821913e-03,2.753905e-04
K0S,0.0000,0.1000,0.0500,6.836050e+04,1.837213e+00,4.968691e-03
K0S,0.1000,0.2000,0.1500,1.850420e+05,4.973071e+00,8.174750e-03
K0S,0.2000,0.3000,0.2500,2.522020e+05,6.778020e+00,9.543630e-03
K0S,0.3000,0.4000,0.3500,2.645005e+05,7.108547e+00,9.773556e-03
K0S,0.4000,0.5000,0.4500,2.360370e+05,6.343580e+00,9.232714e-03
K0S,0.5000,0.6000,0.5500,1.900285e+05,5.107085e+00,8.284164e-03
K0S,0.6000,0.7000,0.6500,1.426285e+05,3.833193e+00,7.176993e-03
K0S,0.7000,0.8000,0.7500,1.033390e+05,2.777273e+00,6.109019e-03
K0S,0.8000,0.9000,0.8500,7.241700e+04,1.946233e+00,5.113987e-03
K0S,0.9000,1.0000,0.9500,4.993250e+04,1.341954e+00,4.246499e-03
K0S,1.0000,1.1000,1.0500,3.426900e+04,9.209918e-01,3.517953e-03
K0S,1.1000,1.2000,1.1500,2.342150e+04,6.294613e-01,2.908350e-03
K0S,1.2000,1.3000,1.2500,1.582050e+04,4.251817e-01,2.390284e-03
K0S,1.3000,1.4000,1.3500,1.079250e+04,2.900524e-01,1.974242e-03
K0S,1.4000,1.5000,1.4500,7.261500e+03,1.951554e-01,1.619394e-03
K0S,1.5000,1.6000,1.5500,4.979000e+03,1.338124e-01,1.340943e-03
K0S,1.6000,1.7000,1.6500,3.390000e+03,9.110748e-02,1.106469e-03
K0S,1.7000,1.8000,1.7500,2.323000e+03,6.243147e-02,9.159335e-04
K0S,1.8000,1.9000,1.8500,1.603000e+03,4.308121e-02,7.608624e-04
K0S,1.9000,2.0000,1.9500,1.164000e+03,3.128292e-02,6.483594e-04
K0S,2.0000,2.1000,2.0500,7.890000e+02,2.120466e-02,5.337991e-04
K0S,2.1000,2.2000,2.1500,5.425000e+02,1.457988e-02,4.426283e-04
K0S,2.2000,2.3000,2.2500,3.865000e+02,1.038733e-02,3.736062e-04
K0S,2.3000,2.4000,2.3500,2.705000e+02,7.269786e-03,3.125525e-04
K0S,2.4000,2.5000,2.4500,1.860000e+02,4.998817e-03,2.591766e-04
